,City Number,City Name,Lat,Lng,Max Temp,Humidity,Cloudiness,Wind Speed,Country,Date
0,3139597,Sistranda,63.7256,8.834,55.99,100,75,5.82,NO,1595823246
1,6201424,Mataura,-46.1927,168.8643,50.47,62,0,1.14,NZ,1595819783
2,1507390,Dikson,73.5069,80.5464,38.44,87,96,14.05,RU,1595822999
3,3451138,Rio Grande,-32.035,-52.0986,46.0,96,35,9.66,BR,1595823277
4,2082539,Merauke,-8.4667,140.3333,81.45,75,57,19.66,ID,1595823063
5,6185377,Yellowknife,62.456,-114.3525,69.8,52,75,10.29,CA,1595819783
6,4030556,Rikitea,-23.1203,-134.9692,70.5,78,4,19.6,PF,1595823313
7,3361934,Saldanha,-33.0117,17.9442,44.6,81,0,6.93,ZA,1595823269
8,155016,Malinyi,-8.9333,36.1333,66.83,77,92,2.08,TZ,1595822946
9,758651,Sokółka,53.4072,23.5023,64.0,93,13,1.99,PL,1595822972
10,2514651,Los Llanos de Aridane,28.6585,-17.9182,71.6,73,90,12.75,ES,1595823085
11,1272446,Dohrighāt,26.2644,83.5164,87.8,100,75,3.36,IN,1595822993
12,3883457,Lebu,-37.6167,-73.65,47.66,82,62,7.67,CL,1595823305
13,1258269,Rāzole,16.4833,81.8333,90.64,57,76,7.67,IN,1595822983
14,4032243,Vaini,-21.2,-175.2,73.4,78,40,11.41,TO,1595823313
15,3366880,Hermanus,-34.4187,19.2345,46.0,85,1,1.99,ZA,1595823269
16,3141667,Roald,62.5833,6.1333,59.0,77,100,5.82,NO,1595823246
17,5106841,Albany County,42.6001,-73.9662,78.01,59,93,4.45,US,1595823356
18,3831208,Qaanaaq,77.484,-69.3632,39.99,71,0,0.54,GL,1595823298
19,2092164,Lorengau,-2.0226,147.2712,83.62,77,44,5.7,PG,1595823063
20,592200,Haljala,59.4336,26.2614,56.55,81,50,6.49,EE,1595822963
21,1006984,East London,-33.0153,27.9116,55.4,66,40,9.17,ZA,1595822975
22,3833367,Ushuaia,-54.8,-68.3,33.8,86,75,17.22,AR,1595823298
23,1788852,Xining,36.6167,101.7667,74.5,32,100,5.88,CN,1595823037
24,3372707,Ribeira Grande,38.5167,-28.7,73.06,91,12,4.97,PT,1595823272
25,2136825,Isangel,-19.55,169.2667,84.2,66,40,13.87,VU,1595823064
26,2075265,Busselton,-33.65,115.3333,69.01,75,93,8.01,AU,1595823063
27,1635164,Mlonggo,-6.5333,110.7,86.0,48,20,4.7,ID,1595823011
28,3405924,Beberibe,-4.1797,-38.1306,75.2,78,40,12.75,BR,1595823272
29,3382160,Cayenne,4.9333,-52.3333,75.2,100,30,3.36,GF,1595823272
30,1651591,Amahai,-3.3333,128.9167,80.22,80,98,11.63,ID,1595823012
31,3430443,Necochea,-38.5473,-58.7368,46.99,80,86,5.99,AR,1595823273
32,4020109,Atuona,-9.8,-139.0333,80.42,71,5,24.61,PF,1595823313
33,5848280,Kapa‘a,22.0752,-159.319,82.4,74,20,21.92,US,1595823377
34,1282256,Hithadhoo,-0.6,73.0833,82.83,68,100,4.68,MV,1595822994
35,556268,Ostrovnoy,68.0531,39.5131,62.74,72,87,3.18,RU,1595822961
36,3421765,Nanortalik,60.1432,-45.2371,42.84,87,9,2.82,GL,1595823272
37,3874787,Punta Arenas,-53.15,-70.9167,35.6,74,70,11.41,CL,1595823305
38,2022572,Khatanga,71.9667,102.5,48.2,59,99,11.01,RU,1595823054
39,6184365,Woodstock,43.1334,-80.7497,75.2,78,20,8.05,CA,1595823389
40,1651103,Atambua,-9.1061,124.8925,83.25,47,85,3.22,ID,1595823012
41,3652764,Puerto Ayora,-0.7393,-90.3518,68.0,90,54,4.0,EC,1595823294
42,2742765,Areosa,41.7178,-8.8571,63.0,93,0,4.7,PT,1595823114
43,2121385,Severo-Kuril’sk,50.6789,156.125,53.1,86,96,17.18,RU,1595823064
44,4031637,Lavrentiya,65.5833,-171.0,65.43,53,65,18.28,RU,1595823313
45,2181625,Te Anau,-45.4167,167.7167,48.72,74,2,0.87,NZ,1595823075
46,2136150,Luganville,-15.5333,167.1667,82.4,74,75,9.17,VU,1595823064
47,2157373,Mittagong,-34.45,150.45,57.99,98,100,11.99,AU,1595823067
48,114259,Sirjan,29.452,55.6814,85.69,14,0,6.78,IR,1595822945
49,5546220,Saint George,37.1041,-113.5841,93.99,13,1,6.93,US,1595823371
50,1855342,Nishihara,26.1842,127.7558,87.8,66,75,13.87,JP,1595823048
51,2174444,Bowen,-20.0167,148.2333,77.0,31,0,12.75,AU,1595823074
52,3466704,Castro,-24.7911,-50.0119,54.21,93,100,3.18,BR,1595823283
53,2990968,Arrondissement de Nantes,47.1667,-1.5833,53.6,100,20,3.36,FR,1595823199
54,6690296,Saint-Joseph,-21.3667,55.6167,68.0,68,51,5.82,RE,1595819860
55,2561668,Agadir,30.4202,-9.5982,69.8,88,40,8.05,MA,1595823095
56,4034551,Faanui,-16.4833,-151.75,79.36,77,100,15.08,PF,1595823313
57,2278158,Buchanan,5.8808,-10.0467,74.73,81,94,6.49,LR,1595823080
58,1267390,Kavaratti,10.5669,72.642,84.2,74,20,6.93,IN,1595822987
59,1516048,Khovd,48.0056,91.6419,74.61,23,40,1.81,MN,1595823002
60,3421719,Narsaq,60.9167,-46.05,46.4,87,16,8.05,GL,1595823272
61,934322,Mahébourg,-20.4081,57.7,69.8,73,75,16.11,MU,1595822975
62,6167817,Torbay,47.6666,-52.7314,55.99,100,90,19.46,CA,1595823389
63,1015776,Bredasdorp,-34.5322,20.0403,37.4,86,0,1.12,ZA,1595822976
64,2742416,Barcelos,41.5388,-8.6151,63.0,93,0,4.7,PT,1595823114
65,5866583,Kodiak,57.79,-152.4072,60.8,72,1,5.82,US,1595823377
66,1510690,Bay-Khaak,51.1667,94.5,70.29,46,38,5.7,RU,1595822999
67,5282297,Bethel,41.3712,-73.414,73.0,78,1,4.43,US,1595823364
68,546105,Nikolskoye,59.7035,30.7861,59.0,82,1,2.91,RU,1595822960
69,2138687,Ponérihouen,-21.0833,165.4,74.66,69,42,8.14,NC,1595823064
70,3461425,Ilhabela,-23.7781,-45.3581,68.56,87,31,3.65,BR,1595823278
71,3662489,Santa Isabel do Rio Negro,-0.4139,-65.0192,73.94,86,27,1.03,BR,1595823295
72,933995,Souillac,-20.5167,57.5167,69.8,73,75,16.11,MU,1595822975
73,3704547,María Chiquita,9.4431,-79.7558,79.0,88,98,3.0,PA,1595823297
74,988290,Komatipoort,-25.4332,31.9548,54.32,67,0,5.17,ZA,1595822975
75,3461465,Iguape,-24.7081,-47.5553,61.0,93,55,4.32,BR,1595823278
76,5880054,Barrow,71.2906,-156.7887,51.8,87,90,26.4,US,1595823377
77,2084442,Vanimo,-2.6741,141.3028,85.1,67,86,9.04,PG,1595823063
78,2037252,Genhe,50.7833,121.5167,90.19,27,0,9.24,CN,1595823058
79,2112309,Katsuura,35.1333,140.3,86.0,90,100,3.0,JP,1595823063
80,902620,Mwinilunga,-11.7358,24.4293,45.05,88,0,4.05,ZM,1595822975
81,3347019,Namibe,-15.1961,12.1522,65.28,75,0,4.41,AO,1595823269
82,2094342,Kavieng,-2.5744,150.7967,84.45,69,100,4.92,PG,1595823063
83,1490256,Talnakh,69.4865,88.3972,59.0,47,40,8.95,RU,1595822999
84,3407762,Amapá,1.0,-52.0,70.66,96,22,1.72,BR,1595823272
85,2123814,Leningradskiy,69.3833,178.4167,51.37,79,75,14.23,RU,1595823064
86,468747,Yashkul’,46.1711,45.3435,80.31,25,56,10.83,RU,1595822955
87,4845585,Westport,41.1415,-73.3579,78.8,65,1,3.36,US,1595823342
88,2138555,Poum,-20.2333,164.0167,73.9,77,42,7.45,NC,1595823064
89,4031574,Provideniya,64.3833,-173.3,51.8,76,90,17.9,RU,1595823313
90,5557293,Sitka,57.0531,-135.33,55.4,87,90,3.36,US,1595823371
91,2400547,Gamba,-2.65,10.0,71.04,88,75,4.79,GA,1595823081
92,6137462,Saint-Augustin,51.226,-58.6502,52.86,94,20,4.47,CA,1595823383
93,2109701,Auki,-8.7676,160.7034,86.41,66,11,5.23,SB,1595823063
94,3372964,Lagoa,39.05,-27.9833,72.28,93,0,6.91,PT,1595823272
95,3430863,Mar del Plata,-38.0023,-57.5575,51.01,81,100,10.29,AR,1595823273
96,3369157,Cape Town,-33.9258,18.4232,52.0,93,0,3.36,ZA,1595823269
97,3894426,Coyhaique,-45.5752,-72.0662,32.0,94,23,3.36,CL,1595823305
98,3395458,Maragogi,-9.0122,-35.2225,73.67,79,85,11.05,BR,1595823272
99,4946620,Palmer,42.1584,-72.3287,75.2,69,1,3.36,US,1595823348
100,4035715,Avarua,-21.2078,-159.775,69.8,94,66,4.7,CK,1595823313
101,5983720,Iqaluit,63.7506,-68.5145,44.6,93,40,2.24,CA,1595823383
102,3598787,Champerico,14.3,-91.9167,80.46,80,100,7.2,GT,1595823289
103,964420,Port Elizabeth,-33.918,25.5701,46.4,93,92,4.7,ZA,1595822975
104,2126123,Chokurdakh,70.6333,147.9167,45.7,64,98,11.95,RU,1595823064
105,2933627,Eckernförde,54.4667,9.8333,55.99,97,26,1.99,DE,1595823174
106,6316343,Alta Floresta,-9.8756,-56.0861,69.87,52,0,3.91,BR,1595823389
107,5855927,Hilo,19.7297,-155.09,82.4,69,90,9.17,US,1595823377
108,6067747,Matagami,49.7502,-77.6328,73.4,83,1,4.18,CA,1595823383
109,1529484,Hami,42.8,93.45,93.25,13,0,14.74,CN,1595823003
110,2109528,Buala,-8.145,159.5921,84.69,74,29,9.46,SB,1595823063
111,3386177,Trairi,-3.2778,-39.2689,76.46,81,99,10.98,BR,1595823272
112,4013679,Coahuayana Viejo,18.7333,-103.6833,78.93,81,100,1.72,MX,1595823313
113,2074865,Carnarvon,-24.8667,113.6333,71.6,40,0,5.82,AU,1595823063
114,3453060,Pontes e Lacerda,-15.2261,-59.3353,67.12,49,26,2.86,BR,1595823277
115,1641977,Kalianget,-7.05,113.9333,83.16,63,71,14.58,ID,1595823011
116,6089245,Norman Wells,65.282,-126.8329,71.6,46,20,5.82,CA,1595823383
117,1529626,Baijiantan,45.6333,85.1833,90.63,21,100,10.47,CN,1595823003
118,2155415,New Norfolk,-42.7826,147.0587,55.99,72,100,1.99,AU,1595823067
119,4986020,Big Rapids,43.6981,-85.4837,73.4,94,40,3.36,US,1595823349
120,986717,Kruisfontein,-34.0033,24.7314,49.6,75,85,3.0,ZA,1595822975
121,3418910,Upernavik,72.7868,-56.1549,42.78,81,19,6.51,GL,1595823272
122,2214846,Mişrātah,32.3754,15.0925,76.95,77,0,5.86,LY,1595823075
123,1623197,Tual,-5.6667,132.75,79.36,83,83,24.05,ID,1595823011
124,2264557,Ponta do Sol,32.6667,-17.1,68.0,72,20,11.41,PT,1595823079
125,6170031,Tuktoyaktuk,69.4541,-133.0374,66.2,68,75,8.05,CA,1595823389
126,2145554,Ulladulla,-35.35,150.4667,55.4,100,90,27.51,AU,1595823064
127,1246294,Galle,6.0367,80.217,82.2,77,100,15.3,LK,1595822982
128,2051523,Bratsk,56.1325,101.6142,68.0,77,40,4.47,RU,1595823058
129,653272,Kemijärvi,66.7131,27.4306,54.0,87,0,2.48,FI,1595822964
130,6096551,Pangnirtung,66.1451,-65.7125,51.49,70,100,2.57,CA,1595823383
131,1337613,Kulhudhuffushi,6.6221,73.07,81.88,73,35,8.21,MV,1595822998
132,2063036,Port Lincoln,-34.7333,135.8667,57.31,64,59,8.95,AU,1595823058
133,5554072,Juneau,58.3019,-134.4197,55.99,87,90,9.17,US,1595823371
134,5882953,Aklavik,68.2191,-135.0107,71.6,37,75,9.17,CA,1595823378
135,2647356,Hastings,50.8552,0.5729,59.0,99,100,1.99,GB,1595823101
136,553374,Kaminskiy,57.1516,41.4732,62.28,79,21,2.62,RU,1595822961
137,5324903,Arvin,35.2091,-118.8284,90.0,31,0,5.01,US,1595823369
138,2163355,Hobart,-42.8794,147.3294,55.99,66,90,14.99,AU,1595823068
139,2071860,Esperance,-33.8667,121.9,62.6,67,83,21.92,AU,1595823059
140,541795,Krasnyye Barrikady,46.2045,47.8535,75.2,38,12,11.18,RU,1595822960
141,949683,Thabazimbi,-24.5917,27.4116,34.0,79,0,3.83,ZA,1595822975
142,2250645,Kédougou,12.5579,-12.1743,73.63,94,100,1.36,SN,1595823079
143,5367788,Lompoc,34.6391,-120.4579,60.8,82,0,11.41,US,1595823370
144,3530103,Cozumel,20.5083,-86.9458,82.99,78,100,8.01,MX,1595823288
145,5919850,Chapais,49.7834,-74.8492,66.2,100,1,2.24,CA,1595823382
146,5850554,Makakilo City,21.3469,-158.0858,82.4,65,90,14.99,US,1595823377
147,5972762,Hay River,60.8156,-115.7999,69.8,73,75,3.36,CA,1595823383
148,3867427,Mayor Pablo Lagerenza,-19.9309,-60.7718,64.58,60,76,3.74,PY,1595823304
149,3347719,Luena,-11.7833,19.9167,48.13,63,0,5.1,AO,1595823269
150,2361373,Diapaga,12.0708,1.7889,73.09,94,21,6.73,BF,1595823081
151,5690532,Minot,48.2325,-101.2963,69.01,59,1,9.17,US,1595823376
152,2643044,Margate,51.3813,1.3862,63.0,88,100,4.0,GB,1595823100
153,3372472,Vila Franca do Campo,37.7167,-25.4333,69.8,94,75,4.7,PT,1595823272
154,1651810,Airai,-8.9266,125.4092,77.4,50,70,7.07,TL,1595823012
155,5746545,Portland,45.5234,-122.6762,89.01,42,1,9.17,US,1595823377
156,1489661,Tevriz,57.509,72.4042,67.96,60,27,3.2,RU,1595822999
157,5983626,Invermere,50.5167,-116.0354,71.01,41,0,2.17,CA,1595823383
158,4021858,Guerrero Negro,27.9769,-114.0611,67.57,86,0,15.9,MX,1595823313
159,1235846,Matara,5.9485,80.5353,82.27,75,100,13.51,LK,1595822978
160,1634614,Nabire,-3.3667,135.4833,84.36,74,32,5.84,ID,1595823011
161,1258366,Ratangarh,28.0833,74.6,95.11,41,1,13.47,IN,1595822983
162,3584003,Puerto El Triunfo,13.2833,-88.55,77.0,94,27,3.36,SV,1595823289
163,5563839,Fortuna,40.5982,-124.1573,57.0,89,53,0.25,US,1595823371
164,2012530,Zhigansk,66.7697,123.3711,55.11,58,60,11.39,RU,1595823054
165,5962442,Goderich,43.7501,-81.7165,81.0,77,100,15.7,CA,1595823382
166,1486321,Yar-Sale,66.8333,70.8333,54.05,68,100,10.0,RU,1595822998
167,1835848,Seoul,37.5683,126.9778,78.8,83,90,2.37,KR,1595823048
168,1503153,Klyuchi,52.2667,79.1667,72.95,45,94,4.52,RU,1595822999
169,1735902,Sibu,2.3,111.8167,77.0,94,40,2.24,MY,1595823031
170,935215,Saint-Philippe,-21.3585,55.7679,68.0,64,56,5.82,RE,1595822975
171,1513491,Komsomolskiy,40.4272,71.7189,73.4,73,66,2.24,UZ,1595822999
172,3576994,Cockburn Town,21.4612,-71.1419,82.31,83,32,15.64,TC,1595823288
173,2354176,Tougan,13.0667,-3.0667,78.01,78,98,7.31,BF,1595823081
174,2122090,Pevek,69.7008,170.3133,42.98,88,27,27.94,RU,1595823064
175,2112802,Hasaki,35.7333,140.8333,86.0,70,75,12.75,JP,1595823063
176,2208248,Kaitangata,-46.2817,169.8464,50.2,70,0,0.63,NZ,1595823075
177,3981432,Todos Santos,23.45,-110.2167,73.99,83,7,1.99,MX,1595823305
178,2111884,Miyako,39.6367,141.9525,73.04,83,77,8.46,JP,1595823063
179,3438102,Fuerte Olimpo,-21.0415,-57.8738,67.26,62,100,1.68,PY,1595823277
180,3932145,Pisco,-13.7,-76.2167,60.8,82,90,8.05,PE,1595823305
181,2240449,Luanda,-8.8368,13.2343,71.6,88,75,6.93,AO,1595823079
182,3355672,Lüderitz,-26.6481,15.1594,57.2,71,0,12.75,NA,1595823269
183,3471451,Arraial do Cabo,-22.9661,-42.0278,71.04,88,49,13.87,BR,1595823283
184,1244926,Hambantota,6.1241,81.1185,84.2,74,75,9.17,LK,1595822982
185,1242110,Kalmunai,7.4167,81.8167,82.6,69,98,4.32,LK,1595822982
186,1789065,Ankang,32.68,109.0172,86.13,64,23,2.93,CN,1595823037
187,1529102,Ürümqi,43.801,87.6005,86.0,33,91,6.71,CN,1595823003
188,5504003,Fernley,39.608,-119.2518,84.0,21,57,14.0,US,1595823370
189,2420826,Gaoual,11.75,-13.2,73.72,94,100,2.62,GN,1595823081
190,2206939,Bluff,-46.6,168.3333,50.86,71,0,4.5,NZ,1595823075
191,2122493,Omsukchan,62.5333,155.8,78.78,36,0,12.53,RU,1595823064
192,2015306,Tiksi,71.6872,128.8694,37.94,91,100,7.83,RU,1595823054
193,1855540,Naze,28.3667,129.4833,87.8,79,75,16.11,JP,1595823048
194,8079926,Labuhan,-6.8844,112.2051,83.75,56,80,5.32,ID,1595823508
195,5122534,Jamestown,42.097,-79.2353,71.6,83,1,5.82,US,1595823357
196,359792,Aswan,24.0934,32.907,86.94,14,0,8.28,EG,1595822953
197,3402648,Carutapera,-1.195,-46.02,73.81,92,2,2.59,BR,1595823272
198,2396518,Port-Gentil,-0.7193,8.7815,74.35,85,56,10.96,GA,1595823081
199,582447,Almaznyy,48.0448,40.045,75.2,29,56,8.95,RU,1595822962
200,5847411,Kahului,20.8947,-156.47,82.4,74,75,5.82,US,1595823377
201,3516212,Teabo,20.4,-89.2833,79.92,80,52,5.93,MX,1595823284
202,2729907,Longyearbyen,78.2186,15.6401,60.8,63,4,2.24,SJ,1595823112
203,3466165,Cidreira,-30.1811,-50.2056,55.51,89,83,7.18,BR,1595823283
204,2142316,Yeppoon,-23.1333,150.7333,71.6,30,0,11.41,AU,1595823064
205,2515555,La Roda,39.2167,-2.15,69.01,68,0,7.0,ES,1595823085
206,3893726,Constitución,-35.3333,-72.4167,49.87,80,100,7.61,CL,1595823305
207,699777,Nova Vodolaha,49.7185,35.8708,68.0,52,91,6.71,UA,1595822969
208,1527497,Kyzyl-Suu,42.3395,78.0047,62.64,63,100,2.66,KG,1595823003
209,3687972,Calamar,10.2511,-74.9146,77.41,88,100,4.23,CO,1595823297
210,2063042,Port Hedland,-20.3167,118.5667,80.6,12,28,13.87,AU,1595823058
211,6137571,Saint-Césaire,45.4168,-72.9991,77.0,99,50,5.99,CA,1595823384
212,92004,Rāwah,34.4816,41.9093,95.74,15,74,3.24,IQ,1595822945
213,5478673,Meadow Lake,34.8014,-106.5436,66.2,88,75,9.17,US,1595823370
214,5887916,Athabasca,54.7169,-113.2854,61.18,67,16,2.66,CA,1595823378
215,515805,Oktyabr’skoye,43.0645,44.7417,69.8,88,5,4.47,RU,1595822959
216,933692,Kang,-23.6752,22.7876,44.13,57,0,6.29,BW,1595822975
217,924102,Rumphi,-11.0186,33.8575,54.28,86,77,3.53,MW,1595822975
218,1862505,Hirara,24.8,125.2833,82.4,83,75,14.99,JP,1595823048
219,217570,Buta,2.7858,24.73,65.43,97,13,1.41,CD,1595822947
220,155274,Mahenge,-8.6833,36.7167,58.23,87,92,2.06,TZ,1595822946
221,3430545,Morón,-34.6534,-58.6198,54.0,70,70,7.49,AR,1595823273
222,1805935,Jiazi,22.8779,116.067,88.61,67,62,16.17,CN,1595823042
223,2038342,Beipiao,41.7919,120.7792,78.17,62,94,5.75,CN,1595823058
224,1790437,Zhuhai,22.2769,113.5678,91.4,75,40,12.75,CN,1595823037
225,3985710,Cabo San Lucas,22.8909,-109.9124,82.99,78,40,13.87,MX,1595823305
226,3893629,Coquimbo,-29.9533,-71.3436,53.6,76,100,2.24,CL,1595823305
227,2184707,Wanaka,-44.7,169.15,44.89,65,0,0.56,NZ,1595823075
228,2186895,Methven,-43.6333,171.65,54.0,59,0,1.99,NZ,1595823075
229,2522013,Algeciras,36.1333,-5.4505,77.0,83,33,6.93,ES,1595823090
230,2396853,Omboué,-1.5746,9.2618,72.25,89,57,7.54,GA,1595823081
231,100926,Umluj,25.0213,37.2685,86.07,73,39,6.71,SA,1595822945
232,3533462,Acapulco de Juárez,16.8634,-99.8901,80.96,73,100,3.22,MX,1595823288
233,3984997,San Quintín,30.4833,-115.95,67.23,85,0,12.88,MX,1595823305
234,1028434,Quelimane,-17.8786,36.8883,60.8,93,13,3.51,MZ,1595822976
235,2618795,Klaksvík,62.2266,-6.589,46.4,87,100,14.99,FO,1595823096
236,3396016,Macapá,0.0389,-51.0664,78.8,100,40,2.24,BR,1595823272
237,2068110,Kununurra,-15.7667,128.7333,80.6,15,61,12.75,AU,1595823059
238,3423146,Ilulissat,69.2167,-51.1,44.6,93,100,6.93,GL,1595823272
239,108648,Qurayyat,31.3318,37.3428,82.4,45,11,27.51,SA,1595822945
240,2015852,Svetlaya,46.5389,138.3297,69.31,68,75,6.06,RU,1595823054
241,3995847,Mina,26.0011,-100.5299,71.6,100,90,4.7,MX,1595823306
242,2347954,Bama,11.5221,13.6856,73.33,86,97,10.96,NG,1595823081
243,1255619,Srīvardhan,18.0333,73.0167,83.1,78,14,7.52,IN,1595822982
244,2522875,Trapani,37.8333,12.6667,71.01,72,0,4.7,IT,1595823090
245,3430708,Mercedes,-34.6515,-59.4307,48.99,74,98,7.23,AR,1595823273
246,2034691,Songjianghe,42.1859,127.479,74.97,86,92,3.02,CN,1595823058
247,1254709,Tezu,27.9167,96.1667,92.12,50,16,3.02,IN,1595822982
248,2013921,Ust-Kuyga,70.0167,135.6,48.43,77,100,9.4,RU,1595823054
249,5116642,Erie County,42.7667,-78.6664,75.2,69,20,9.17,US,1595823357
250,2018069,Peleduy,59.6289,112.7406,76.32,45,100,10.11,RU,1595823054
251,1259385,Port Blair,11.6667,92.75,86.31,68,100,3.33,IN,1595822983
252,4094455,Tuscaloosa,33.2098,-87.5692,78.8,83,1,1.03,US,1595823314
253,6144312,Sept-Îles,50.2001,-66.3821,57.2,93,40,2.24,CA,1595823389
254,3839307,Rawson,-43.3002,-65.1023,40.87,82,97,9.55,AR,1595823304
255,1272140,Dwārka,22.2394,68.9678,85.03,78,38,12.1,IN,1595822993
256,2027044,Batagay,67.6333,134.6333,68.56,39,42,10.49,RU,1595823054
257,2191562,Dunedin,-45.8742,170.5036,54.0,67,0,1.01,NZ,1595823075
258,1625929,Sungai Penuh,-2.0833,101.3833,80.65,44,46,2.53,ID,1595823011
259,2126199,Cherskiy,68.75,161.3,51.03,71,56,25.86,RU,1595823064
260,1078553,Ampanihy,-24.7,44.75,55.26,87,0,5.14,MG,1595822976
261,1082243,Ambilobe,-13.2,49.05,67.01,86,100,1.32,MG,1595822976
262,3160100,Beian,63.6559,9.5683,59.0,100,75,5.82,NO,1595823246
263,2110227,Butaritari,3.0707,172.7902,82.31,79,34,12.33,KI,1595823063
264,1631905,Payakumbuh,-0.2202,100.6308,81.99,61,98,3.15,ID,1595823011
265,2180815,Tuatapere,-46.1333,167.6833,53.13,65,0,3.49,NZ,1595823075
266,1637001,Biak,-0.9131,122.8766,83.52,64,86,10.25,ID,1595823011
267,1172513,Lachi,33.3833,71.3386,96.44,34,0,5.68,PK,1595822977
268,3359638,Walvis Bay,-22.9575,14.5053,69.8,26,0,18.34,NA,1595823269
269,2070998,Geraldton,-28.7667,114.6,75.2,22,0,16.11,AU,1595823059
270,3380290,Sinnamary,5.3833,-52.95,78.28,86,54,8.32,GF,1595823272
271,3372760,Praia da Vitória,38.7333,-27.0667,73.4,94,90,3.96,PT,1595823272
272,4174715,Tallahassee,30.4383,-84.2807,80.6,88,75,3.65,US,1595823320
273,964432,Port Alfred,-33.5906,26.891,54.23,69,80,4.88,ZA,1595822975
274,1506268,Gornopravdinsk,60.05,69.9,66.13,59,89,5.14,RU,1595822999
275,1735106,George Town,5.4112,100.3354,87.8,70,20,8.05,MY,1595823031
276,2026861,Berdigestyakh,62.0989,126.6992,71.28,61,100,8.16,RU,1595823054
277,2450173,Taoudenni,22.6783,-3.9836,92.86,11,56,6.13,ML,1595823081
278,1052944,António Enes,-16.2325,39.9086,69.06,81,74,7.58,MZ,1595822976
279,703397,Lanivtsi,49.8633,26.0908,62.89,90,72,3.22,UA,1595822969
280,2012956,Yerbogachen,61.2767,108.0108,68.56,58,69,9.28,RU,1595823054
281,1488429,Uray,60.1247,64.7758,66.22,64,44,8.14,RU,1595822998
282,6111862,Port Hardy,50.6996,-127.4199,64.4,82,20,12.75,CA,1595823383
283,2127202,Anadyr,64.75,177.4833,78.8,57,0,6.71,RU,1595823064
284,4722062,Redwater,33.3582,-94.2544,75.99,94,1,4.7,US,1595823341
285,3064379,Tábor,49.4144,14.6578,57.99,96,50,2.82,CZ,1595823226
286,1852357,Shimoda,34.6667,138.95,80.6,94,75,12.75,JP,1595823048
287,3388847,São Félix do Xingu,-6.6447,-51.995,69.57,61,0,2.13,BR,1595823272
288,3353715,Outjo,-20.1167,16.15,51.03,46,3,11.25,NA,1595823269
289,1157662,Bang Saphan,11.2126,99.5117,87.8,74,20,5.82,TH,1595822977
290,5797693,Hoquiam,46.9809,-123.8893,71.01,68,1,9.17,US,1595823377
291,3445026,Vila Velha,-20.3297,-40.2925,69.8,94,90,1.12,BR,1595823277
292,1106677,Bambous Virieux,-20.3428,57.7575,71.01,73,75,16.11,MU,1595822976
293,6148373,Sioux Lookout,50.1001,-91.917,69.8,56,20,9.17,CA,1595823389
294,1121143,Wilāyat-e Zābul,32.25,67.25,79.41,40,0,16.93,AF,1595822976
295,3443061,Chuy,-33.6971,-53.4616,46.29,92,2,7.11,UY,1595823277
296,293842,Kiryat Gat,31.61,34.7642,78.01,78,2,0.76,IL,1595822951
297,476982,Varnavino,57.4035,45.0916,61.52,75,0,4.79,RU,1595822956
298,1491230,Sovetskiy,61.3614,63.5842,65.61,52,0,8.84,RU,1595822999
299,4362001,Mayo,38.8876,-76.5119,82.4,69,1,5.35,US,1595823327
300,5554428,Ketchikan,55.3422,-131.6461,57.2,100,90,8.05,US,1595823371
301,3991347,Puerto Peñasco,31.3167,-113.5333,89.01,60,0,14.16,MX,1595823305
302,3583905,San Alejo,13.4314,-87.9631,74.19,98,71,1.5,SV,1595823289
303,6255012,Flinders,-34.5833,150.8552,57.99,97,100,15.01,AU,1595823389
304,1717787,Catuday,16.2923,119.8062,84.88,71,1,4.25,PH,1595823026
305,481548,Troitsko-Pechorsk,62.7084,56.1964,69.22,53,33,5.17,RU,1595822957
306,1714733,Dingle,10.9995,122.6711,88.79,64,47,2.73,PH,1595823020
307,2036069,Linjiang,41.8069,126.9078,79.7,78,99,2.08,CN,1595823058
308,3454005,Piaçabuçu,-10.4056,-36.4344,73.98,79,67,11.39,BR,1595823277
309,4944903,Nantucket,41.2835,-70.0995,73.4,94,75,13.87,US,1595823348
310,1083724,Ambanja,-13.6833,48.45,67.86,87,96,1.79,MG,1595822976
311,778707,Mehamn,71.0357,27.8492,68.0,56,11,3.36,NO,1595822973
312,53654,Mogadishu,2.0371,45.3438,75.2,73,90,11.41,SO,1595822944
313,3517970,Pochutla,15.7432,-96.4661,81.0,78,100,5.37,MX,1595823284
314,6112608,Powell River,49.8496,-124.5361,82.4,24,5,3.36,CA,1595823383
315,5973108,Hearst,49.6835,-83.6665,68.36,94,32,4.76,CA,1595823383
316,2315417,Inongo,-1.95,18.2667,68.05,90,56,5.59,CD,1595823080
317,2012593,Zeya,53.75,127.2667,67.44,92,100,1.95,RU,1595823054
318,636947,Siilinjärvi,63.0833,27.6667,60.8,82,0,3.36,FI,1595822964
319,3670218,San Andrés,12.5847,-81.7006,82.4,83,75,12.75,CO,1595823295
320,4231997,Avera,33.194,-82.5271,78.8,67,1,3.47,US,1595823320
321,5849996,Lahaina,20.8783,-156.6825,82.4,74,75,5.82,US,1595823377
322,927856,Livingstonia,-10.606,34.1063,55.06,86,90,2.46,MW,1595822975
323,2141394,Dumbéa,-22.15,166.45,84.2,48,26,8.05,NC,1595823064
324,1337607,Kudahuvadhoo,2.6708,72.8944,82.58,69,95,4.9,MV,1595822998
325,2629833,Húsavík,66.0449,-17.3389,42.8,87,90,4.7,IS,1595823096
326,3386213,Touros,-5.1989,-35.4608,71.6,94,75,4.7,BR,1595823272
327,1806327,Jiangkou,25.4872,119.1986,89.6,66,20,15.66,CN,1595823042
328,4013724,Camargo,27.6667,-105.1667,77.23,54,69,13.06,MX,1595823313
329,1636022,Martapura,-3.4167,114.85,87.8,55,34,10.29,ID,1595823011
330,3897774,Buin,-33.7333,-70.75,46.4,75,90,1.12,CL,1595823305
331,1258492,Nalbari,26.4456,91.4354,84.2,100,75,9.17,IN,1595822983
332,3115824,Muros,42.7762,-9.0603,57.99,82,0,2.37,ES,1595823237
333,1253992,Udayagiri,20.1333,84.3833,82.94,69,48,7.2,IN,1595822982
334,1805270,Qianzhou,28.3167,109.7167,83.21,69,95,5.3,CN,1595823042
335,2025456,Chernyshevskiy,63.0128,112.4714,64.42,45,0,4.97,RU,1595823054
336,2409914,Bonthe,7.5264,-12.505,75.85,79,100,9.26,SL,1595823081
337,2630299,Höfn,64.2539,-15.2082,47.44,63,100,13.22,IS,1595823096
338,1490058,Taseyevo,57.2169,94.8978,57.13,97,100,6.24,RU,1595822999
339,3402429,Caucaia,-3.7361,-38.6531,75.2,78,40,12.75,BR,1595823272
340,2422465,Conakry,9.538,-13.6773,77.07,86,100,15.97,GN,1595823081
341,5924351,Clyde River,70.4692,-68.5914,42.8,87,90,9.17,CA,1595823382
342,2645826,Kendal,54.3268,-2.7476,57.99,100,100,7.0,GB,1595823100
343,1698289,Pundaguitan,6.3711,126.1689,81.55,78,89,13.42,PH,1595823021
344,5942547,Drayton Valley,53.2168,-114.9854,60.75,87,10,7.92,CA,1595823382
345,3939761,Hualmay,-11.0964,-77.6139,59.09,85,23,7.0,PE,1595823305
346,2145214,Victoria Point,-27.5833,153.3,68.0,55,70,17.0,AU,1595823064
347,2246451,Saint-Louis,16.3333,-15.0,80.6,69,52,2.24,SN,1595823079
348,2332453,Lagos State,6.5833,3.75,77.0,88,40,6.93,NG,1595823080
349,7601762,Bairiki Village,1.3292,172.9752,82.4,83,75,8.05,KI,1595823485
350,4300105,Mayfield,36.7417,-88.6367,78.01,88,1,3.36,US,1595823321
351,5975004,High Level,58.5169,-117.136,71.6,64,20,4.7,CA,1595823383
352,286245,Sur,22.5667,59.5289,89.62,60,70,8.68,OM,1595822950
353,3109966,Santa Comba,43.0331,-8.8093,60.01,93,0,1.12,ES,1595823236
354,2112444,Kamaishi,39.2667,141.8833,80.6,78,75,1.12,JP,1595823063
355,57000,Hobyo,5.3505,48.5268,78.6,71,26,18.57,SO,1595822944
356,6166142,Thunder Bay,48.4001,-89.3168,71.6,56,5,10.29,CA,1595823389
357,5558953,Arcata,40.8665,-124.0828,57.99,82,90,1.88,US,1595823371
358,3571913,Marsh Harbour,26.5412,-77.0636,82.18,80,0,9.71,BS,1595823288
359,229059,Moyo,3.6609,31.7247,62.92,98,85,0.96,UG,1595822947
360,652977,Keuruu,62.2667,24.7,57.2,71,0,5.82,FI,1595822964
361,1224061,Wattegama,6.7989,81.4808,84.2,74,75,9.17,LK,1595822978
362,5983607,Inuvik,68.3499,-133.7218,71.6,37,75,9.17,CA,1595823383
363,2033225,Zhalantun,48.0,122.7167,93.61,28,0,13.62,CN,1595823058
364,1630789,Pontianak,-0.0333,109.3333,78.4,86,96,5.32,ID,1595823011
365,6165406,Thompson,55.7435,-97.8558,60.8,93,75,6.8,CA,1595823389
366,4677526,Burkburnett,34.0979,-98.5706,82.4,69,1,9.17,US,1595823335
367,229362,Masindi,1.6744,31.715,61.5,98,14,1.57,UG,1595822947
368,2065594,Mount Isa,-20.7333,139.5,73.4,20,0,16.11,AU,1595823059
369,2128975,Nemuro,43.3236,145.575,62.6,82,75,1.12,JP,1595823064
370,286621,Şalālah,17.0151,54.0924,78.8,94,75,3.36,OM,1595822950
371,333750,Jinka,5.65,36.65,61.9,78,76,1.68,ET,1595822952
372,5870133,Nome,64.5011,-165.4064,59.0,87,90,10.29,US,1595823377
373,2033536,Yakeshi,49.2833,120.7333,90.39,27,0,18.66,CN,1595823058
374,3356832,Henties Bay,-22.116,14.2845,66.16,40,0,6.22,NA,1595823269
375,1173302,Kot Diji,27.3427,68.7083,89.6,66,40,11.41,PK,1595822977
376,2024122,Gazimurskiy Zavod,51.5461,118.3266,86.29,38,0,11.59,RU,1595823054
377,472357,Volosovo,59.4333,29.4833,57.2,82,2,4.03,RU,1595822956
378,3397963,Itamaracá,-7.7478,-34.8256,78.8,69,40,10.29,BR,1595823272
379,2018553,Ol’ga,43.7444,135.2892,73.74,66,74,6.53,RU,1595823054
380,2155562,Nelson Bay,-32.7167,152.15,62.01,87,90,21.92,AU,1595823067
381,70979,Sayyan,15.1718,44.3244,62.06,71,100,3.06,YE,1595822944
382,2017155,Saskylakh,71.9167,114.0833,40.53,91,100,14.94,RU,1595823054
383,3860443,Comodoro Rivadavia,-45.8667,-67.5,35.6,59,66,10.29,AR,1595823304
384,1609324,Kut Chap,17.4257,102.5669,89.6,62,100,5.82,TH,1595823010
385,77408,Bajil,15.0584,43.2851,85.14,59,100,8.72,YE,1595822944
386,1505495,Irtyshskiy,58.3333,68.1333,60.37,83,92,3.53,RU,1595822999
387,3421319,Nuuk,64.1835,-51.7216,46.4,93,100,3.36,GL,1595823272
388,5866063,Kenai,60.5544,-151.2583,64.4,67,1,11.41,US,1595823377
389,1496747,Novosibirsk,55.0411,82.9344,66.2,68,64,4.47,RU,1595822999
390,2255564,Ouésso,1.6136,16.0517,68.94,97,76,1.92,CG,1595823079
391,533933,Lovozero,68.005,35.0117,63.59,60,77,3.58,RU,1595822960
392,3899695,Ancud,-41.8697,-73.8203,37.99,73,20,4.68,CL,1595823305
393,1529651,Altay,47.8667,88.1167,80.47,28,18,6.22,CN,1595823003
394,1791748,Wanxian,30.8039,108.3897,86.63,66,8,1.97,CN,1595823037
395,5563397,Eureka,40.8021,-124.1637,57.99,100,42,1.45,US,1595823371
396,3460622,Itarantim,-15.6597,-40.0656,62.94,97,24,2.93,BR,1595823278
397,2126710,Beringovskiy,63.05,179.3167,71.91,53,91,8.48,RU,1595823064
398,779261,Kjøllefjord,70.9457,27.3465,68.0,56,33,3.36,NO,1595822973
399,3374083,Bathsheba,13.2167,-59.5167,82.45,79,92,15.48,BB,1595823272
400,3522526,Nuevo Progreso,23.1667,-97.95,82.99,68,100,1.99,MX,1595823288
401,2090409,Mount Hagen,-5.8581,144.2274,70.11,84,38,2.46,PG,1595823063
402,3516171,Barra de Tecoanapa,16.5167,-98.75,81.0,75,88,2.53,MX,1595823284
403,2412408,Nioro,13.35,-15.75,75.7,90,97,4.5,GM,1595823081
404,5110365,Broome County,42.2506,-75.833,73.4,69,1,4.7,US,1595823356
405,3520161,Sabancuy,18.9667,-91.1833,81.48,83,81,7.45,MX,1595823284
406,6050066,La Ronge,55.1001,-105.2842,66.2,63,40,8.05,CA,1595823383
407,5380437,Pacific Grove,36.6177,-121.9166,60.8,82,1,4.7,US,1595823370
408,1174217,Khangah Dogran,31.8317,73.6231,100.31,34,21,4.16,PK,1595822977
409,5969025,Haines Junction,60.7522,-137.5108,51.22,65,65,10.2,CA,1595823382
410,3424607,Tasiilaq,65.6145,-37.6368,41.0,93,100,5.82,GL,1595823272
411,893485,Chiredzi,-21.05,31.6667,51.69,76,0,2.82,ZW,1595822975
412,2738381,Lata,40.1629,-8.3327,62.01,89,0,2.71,PT,1595823114
413,2381972,Adrar,20.5022,-10.0711,89.24,34,0,9.19,MR,1595823081
414,3404817,Breves,-1.6822,-50.4803,74.79,75,8,2.68,BR,1595823272
415,55671,Kismayo,-0.3582,42.5454,76.93,80,26,16.8,SO,1595822944
416,780687,Berlevåg,70.8578,29.0864,68.0,56,1,3.36,NO,1595822973
417,1623446,Tomohon,1.3346,124.8392,84.2,66,20,8.05,ID,1595823011
418,3421982,Maniitsoq,65.4167,-52.9,45.81,91,97,3.87,GL,1595823272
419,4676740,Brownsville,25.9018,-97.4975,84.2,83,90,10.29,US,1595823335
420,1630723,Poso,-1.3959,120.7524,88.25,53,34,3.27,ID,1595823011
421,1791779,Wanning,18.8003,110.3967,90.7,62,80,14.12,CN,1595823037
422,3381041,Mana,5.6592,-53.7767,78.51,85,1,7.81,GF,1595823272
423,2449066,Tombouctou Region,20.0,-3.0,95.07,32,43,5.1,ML,1595823081
424,3394500,Morada Nova,-5.1067,-38.3725,72.63,70,88,5.19,BR,1595823272
425,6078372,Moose Factory,51.2585,-80.6094,71.6,94,90,3.36,CA,1595823383
426,103630,Najrān,17.4924,44.1277,68.0,82,20,11.41,SA,1595822945
427,583673,Aksay,47.26,39.87,75.2,29,100,8.95,RU,1595822962
428,2395568,Aplahoué,6.9333,1.6833,70.23,93,92,5.97,BJ,1595823081
429,1283217,Khanbari,27.3747,87.2039,81.36,67,94,1.86,NP,1595822994
430,2654755,Bridgend,51.5058,-3.5772,60.8,93,100,11.41,GB,1595823105
431,580716,Arzgir,45.3728,44.2206,77.43,39,53,11.36,RU,1595822962
432,3137469,Sørland,67.667,12.6934,66.2,55,96,12.75,NO,1595823246
433,3350372,Catabola,-12.15,17.2833,47.5,57,1,3.71,AO,1595823269
434,3401148,Cururupu,-1.8283,-44.8683,72.39,87,7,0.94,BR,1595823272
435,7647007,San Carlos de Bariloche,-41.1456,-71.3082,33.8,64,40,14.99,AR,1595823486
436,5551535,Apache Junction,33.4151,-111.5496,100.4,18,40,4.16,US,1595823371
437,3405051,Borba,-4.3878,-59.5939,75.0,66,1,1.39,BR,1595823272
438,2171099,Codrington,-38.2667,141.9667,53.47,72,54,19.37,AU,1595823074
439,1213855,Sibolga,1.7427,98.7792,86.02,59,79,4.0,ID,1595822977
440,1805518,Jining,35.405,116.5814,83.23,60,25,5.88,CN,1595823042
441,2701715,Karlskoga,59.3267,14.5239,60.01,87,75,10.29,SE,1595823112
442,2093846,Kiunga,-6.1219,141.2906,80.04,88,88,2.44,PG,1595823063
443,1786676,Yima,34.7381,111.8839,75.92,76,97,6.15,CN,1595823032
444,1649150,Bengkulu,-3.8004,102.2655,84.72,61,2,7.85,ID,1595823012
445,3139244,Skarnes,60.2528,11.6797,57.2,93,75,10.29,NO,1595823246
446,2349431,Sabla,12.7525,4.7077,79.56,77,24,10.45,NG,1595823081
447,3520406,La Reforma,18.1,-91.0167,76.77,88,66,6.49,MX,1595823288
448,1731248,Alugan,12.2188,125.4808,85.32,72,88,5.32,PH,1595823031
449,663098,Vatra Moldoviţei,47.65,25.5667,66.2,77,42,9.17,RO,1595822965
450,3374210,São Filipe,14.8961,-24.4956,75.0,85,71,11.99,CV,1595823272
451,2654938,Braintree,51.8782,0.5529,60.01,92,100,8.52,GB,1595823105
452,1344069,Contai,21.7786,87.7536,91.42,61,92,6.29,IN,1595822998
453,2121197,Sinegor'ye,62.0788,150.477,78.37,36,76,6.82,RU,1595823063
454,5044290,Saint Anthony,45.0205,-93.218,73.4,56,1,10.29,US,1595823356
455,1622318,Waingapu,-9.6567,120.2641,83.52,57,93,18.39,ID,1595823011
456,2274275,Robertsport,6.7533,-11.3686,75.96,79,64,10.49,LR,1595823080
457,1254163,Thiruvananthapuram,8.4833,76.9167,86.0,70,20,8.05,IN,1595822982
458,1061605,Manakara,-22.1333,48.0167,59.2,87,0,4.34,MG,1595822976
459,5017822,Bemidji,47.4736,-94.8803,64.4,77,1,6.93,US,1595823349
460,3466980,Caravelas,-17.7125,-39.2481,70.79,83,30,5.35,BR,1595823283
461,6690297,Saint-Leu,-21.15,55.2833,68.0,68,48,3.36,RE,1595823462
462,1278969,Along,28.1667,94.7667,90.0,55,67,1.88,IN,1595822994
463,1510041,Biryusinsk,55.9634,97.8235,68.25,77,95,2.37,RU,1595822999
464,3470142,Belford Roxo,-22.7642,-43.3994,71.6,83,40,3.36,BR,1595823283
465,1855612,Nara-shi,34.6851,135.8049,89.01,70,75,2.24,JP,1595823048
466,3175788,Oga,46.4631,10.347,57.0,100,75,1.12,IT,1595823263
467,2108857,Gizo,-8.103,156.8419,83.66,75,3,7.09,SB,1595823063
468,513329,Staryye Ozinki,51.1786,49.6769,66.56,57,0,7.54,RU,1595822959
469,1526038,Atbasar,51.8,68.3333,66.43,66,38,11.07,KZ,1595823002
470,2255414,Pointe-Noire,-4.7761,11.8635,70.59,87,29,2.48,CG,1595823079
471,2510573,Teguise,29.0605,-13.564,71.6,78,61,17.22,ES,1595823085
472,7671223,Kloulklubed,7.0419,134.2556,84.2,74,90,12.75,PW,1595823486
473,3589770,San Mateo Ixtatán,15.8319,-91.4781,52.36,100,100,1.34,GT,1595823289
474,3412093,Vestmannaeyjar,63.4427,-20.2734,50.79,87,99,4.85,IS,1595823272
475,189741,Lamu,-2.2717,40.902,76.15,82,0,14.9,KE,1595822947
476,376332,Doka,13.5167,35.7667,70.12,88,74,9.06,SD,1595822953
477,2525041,Cefalù,38.0386,14.0229,73.0,81,0,1.99,IT,1595823091
478,160833,Bwanga,-3.0308,31.7601,58.24,57,0,4.0,TZ,1595822946
479,3175096,Lasa,46.6166,10.7002,57.0,54,14,1.77,IT,1595823257
480,2381334,Atar,20.5169,-13.0499,83.26,53,0,10.94,MR,1595823081
481,1786538,Yining,29.0361,114.5636,85.01,77,100,2.51,CN,1595823032
482,2013216,Vysokogornyy,50.1167,139.15,70.97,77,84,2.37,RU,1595823054
483,153176,Mpanda,-6.3655,31.0409,55.85,79,93,0.96,TZ,1595822946
484,962367,Richards Bay,-28.783,32.0377,63.43,78,91,10.29,ZA,1595822975
485,4047434,Russell County,32.3502,-85.1999,77.0,94,1,0.29,US,1595823313
486,3840300,Presidencia Roque Sáenz Peña,-26.7852,-60.4388,54.34,60,0,6.62,AR,1595823304
487,4255151,Bud,39.447,-86.1758,80.01,89,0,6.51,US,1595823321
488,3201047,Dubrovnik,42.6481,18.0922,75.2,50,1,16.11,HR,1595823268
489,367544,Sawākin,19.1059,37.3321,91.24,52,82,13.62,SD,1595822953
490,5380420,Pacifica,37.6138,-122.4869,62.01,77,20,17.22,US,1595823370
491,1788402,Xiongzhou,25.1167,114.3,96.6,42,100,8.25,CN,1595823037
492,1510377,Belyy Yar,53.6039,91.3903,68.0,64,40,11.18,RU,1595822999
493,2126682,Bilibino,68.0546,166.4372,79.9,32,94,20.83,RU,1595823064
494,3427833,Tandil,-37.3217,-59.1332,48.0,65,86,9.78,AR,1595823273
495,229746,Luwero,0.8492,32.4731,65.03,78,90,1.3,UG,1595822947
496,4005492,Guadalupe,25.6833,-100.25,71.6,100,90,4.7,MX,1595823313
497,3625710,Upata,8.0086,-62.3989,70.86,96,78,3.65,VE,1595823294
498,3393692,Itarema,-2.9248,-39.9167,76.51,83,92,15.5,BR,1595823272
499,1328421,Pathein,16.7833,94.7333,89.37,60,100,4.74,MM,1595822998
500,2164206,Gunnedah,-30.9833,150.25,51.8,93,90,17.22,AU,1595823068
501,5859699,College,64.8569,-147.8028,68.0,49,75,9.17,US,1595823377
502,2189343,Kaeo,-35.1,173.7833,57.99,21,37,4.0,NZ,1595823075
503,1812256,Dongsheng,39.8161,109.9776,82.69,24,0,7.96,CN,1595823043
504,3373652,Oistins,13.0667,-59.5333,82.17,80,53,16.33,BB,1595823272
505,686090,Asău,46.4333,26.4,62.01,84,98,4.07,RO,1595822968
506,3419842,Sisimiut,66.9395,-53.6735,45.25,93,100,10.83,GL,1595823272
507,2169535,Dalby,-27.1833,151.2667,61.0,49,49,5.99,AU,1595823074
508,7341918,Moba,33.2288,105.0179,79.75,39,0,1.32,CN,1595823478
509,2527087,Tiznit,29.5833,-9.5,74.62,49,7,1.7,MA,1595823091
510,1529376,Korla,41.7597,86.1469,90.79,20,0,7.65,CN,1595823003
511,3441483,Nueva Helvecia,-34.3,-57.2333,46.0,84,15,1.99,UY,1595823277
512,1640902,Kawalu,-7.3817,108.2082,75.78,76,97,4.07,ID,1595823011
513,2057087,Kupang,-10.1667,123.5833,87.8,35,20,23.04,ID,1595823058
514,934482,Grand Baie,-20.0182,57.5802,71.01,72,93,10.0,MU,1595822975
515,4036284,Alofi,-19.0595,-169.9187,73.4,88,37,9.17,NU,1595823313
516,4126226,Pine Bluff,34.2284,-92.0032,75.2,88,1,3.36,US,1595823314
517,3455195,Papagaios,-19.4492,-44.7478,61.02,87,0,5.95,BR,1595823277
518,4074277,Madison County,34.7334,-86.5667,77.0,94,1,1.25,US,1595823313
519,3460730,Itapetinga,-15.2489,-40.2478,64.27,97,36,3.62,BR,1595823278
520,581049,Arkhangel’sk,64.5401,40.5433,64.4,88,40,4.47,RU,1595822962
521,3662927,Pauini,-7.7136,-66.9764,73.26,70,79,1.45,BR,1595823295
522,371745,Kutum,14.2,24.6667,76.19,49,81,2.53,SD,1595822953
523,2077895,Alice Springs,-23.7,133.8833,64.4,39,0,10.29,AU,1595823063
524,2192362,Christchurch,-43.5333,172.6333,52.0,76,0,12.75,NZ,1595823075
